{
  "name": "rnd-npcs",
  "title": "NPC Randomiser",
  "description": "A <a href=\"https://github.com/Marak/faker.js\">Faker.js</a> based FoundryVTT module to create randomised NPC data.",
  "version": "0.0.0",
  "authors":
  [
    { "name": "Tommycore" }
  ],
  "minimumCoreVersion": "0.8.6",
  "compatibleCoreVersion": "0.8.9",
  "styles": [ "rnd-npcs.css" ],
  "esmodules": [ "rnd-npcs.mjs" ],
  "languages": [
    {
      "lang": "de",
      "name": "Deutsch",
      "path": "lang/de.json"
    },
    {
      "lang": "en",
      "name": "English",
      "path": "lang/en.json"
    }
  ]
}
